PLAYER,TEAM,Expected points,Expected 3P made,Expected 3P attempted,Expected rebounds,Expected assists,Expected turnovers,Expected steals,Expected blocks
Kris Dunn,MIN,4.6159,0.35992163,1.1914828,3.2160447,2.0356274,1.0759695,0.7936938,0.46343163
Jusuf Nurkić,PHX,9.662072,0.38035387,1.3245404,10.299128,3.853855,2.1548753,1.1950163,0.9859373
Elfrid Payton,NYK,10.428607,0.50597924,1.7442069,3.459131,2.8693416,1.410653,0.8311884,0.19542891
Tyus Jones,MEM,6.428968,0.64946526,1.8114835,2.3399956,3.6437268,0.95716804,0.82528234,0.13831839
Daniel Gafford,WAS,6.4636755,0.08831031,0.20433249,4.664945,0.733407,0.8501121,0.49071607,1.2353078
Dennis Schröder,ATL,17.556473,1.331723,3.839734,3.2774427,5.8576984,2.7431667,0.9515296,0.19139013
Keldon Johnson,SAS,8.713873,0.6475723,1.4768733,2.4806485,1.9060842,0.9991747,0.5677841,0.12101084
Sandro Mamukelashvili,SAS,6.4868226,0.71821487,2.1505487,4.7735596,1.0139734,0.7400993,0.5599258,0.29508483
Gary Payton II,LAL,3.4167552,0.30226564,1.1375908,2.4487562,0.6633626,0.47190964,0.348913,0.1016984
Rui Hachimura,LAL,12.870648,1.4619308,3.521735,4.4848247,1.6733587,1.1805949,0.5992809,0.40726194
Cason Wallace,OKC,7.327015,1.1706077,3.1349678,3.2237294,1.4929861,0.78197056,0.66434103,0.4648924
Domantas Sabonis,IND,19.816149,0.91085076,2.8313758,10.158923,7.493036,3.4224038,1.2594866,0.5390347
Franz Wagner,ORL,17.941011,1.7392054,4.6880045,4.059114,3.3832014,1.9039397,0.8574111,0.23685986
Elfrid Payton,ORL,10.727131,0.4760121,1.6867199,4.5416303,5.4353313,2.326724,1.161352,0.32689193
Josh Hart,LAL,8.151216,1.420263,4.0695333,3.5944903,1.6997145,0.99945754,0.77678084,0.5468615
Kris Dunn,UTA,5.681292,0.6006944,1.745026,3.7174485,3.2190611,1.1546865,0.94817436,0.41032478
Baylor Scheierman,BOS,2.4236693,0.27851492,1.171998,1.6056948,0.56852186,0.36663753,0.2906213,0.036638528
Jayson Tatum,BOS,23.46121,2.7445798,7.114299,5.9079266,3.6295307,2.3507178,1.3002714,0.7679745
Jay Huff,LAL,0.92983,0.14029521,0.6082381,1.3683946,0.045023665,0.1410883,0.12767105,0.23752499
Ivica Zubac,LAL,7.5630555,0.076955624,0.27263558,4.1928196,1.0152377,1.0788826,0.49764413,0.82502055
Dario Šarić,PHX,10.708568,1.3086203,3.7147548,6.4741473,1.5229415,1.1701452,0.60875094,0.25506863
Jalen Pickett,DEN,2.5330634,0.35574633,0.93521774,0.9887426,0.5262799,0.31712013,0.21692424,0.036403775
Kyle Kuzma,LAL,15.389898,2.1200125,5.5923724,6.446632,1.8689369,1.6258364,0.6739869,0.36544138
Devin Booker,PHX,24.070246,1.9171278,5.441251,3.8473685,4.281261,2.7232513,0.9091334,0.22275662
Zach LaVine,CHI,25.714996,3.0186143,7.901176,4.364532,4.483148,2.8887615,1.1466074,0.4344893
Alondes Williams,DET,5.3979206,0.69680125,1.2328364,0.9744711,1.1126021,0.46983027,0.31690758,-0.008678256
E.J. Liddell,NOP,1.5045599,0.10220689,0.5695709,1.0821569,0.20320605,0.29884773,0.17748646,0.27063873
Trevelin Queen,IND,4.225317,0.59247833,2.0055645,3.120645,0.36695644,0.4942718,0.44848692,0.61435056
Lonzo Ball,LAL,12.197792,1.7353942,5.6476655,6.6058817,7.772726,3.3706965,1.7444997,0.72600806
Jusuf Nurkić,POR,11.140928,0.29291975,0.9691726,8.984394,3.4559054,2.0586238,1.149712,1.013758
Luke Kennard,DET,16.662022,2.4929495,6.205675,3.4863565,3.1543064,1.9471979,0.88154316,0.24236786
Payton Pritchard,BOS,10.101473,1.8553569,4.5434585,4.064365,2.26012,0.92470795,0.65924084,0.16376558
Matt Ryan,NYK,2.2594895,0.30689448,0.81188834,0.71479774,0.14233278,0.2781368,0.07990478,0.020415666
De'Aaron Fox,SAC,16.989437,1.1178162,3.2875123,4.587153,7.2714205,2.9430957,1.3300148,0.5875347
DaQuan Jeffries,CHA,7.4365916,0.9301566,2.4206157,3.13292,1.0701528,0.7915612,0.47956863,0.5089373
Grayson Allen,UTA,6.038619,0.8462347,2.2489846,1.2064638,0.55120873,0.65705955,0.24608992,0.1588392
Bradley Beal,WAS,13.968813,1.5995665,4.2936687,3.7240393,2.6318364,1.791099,0.97304314,0.43966568
Caleb Martin,CHA,5.557553,0.6748897,2.2242448,2.873036,1.348698,0.7535539,0.5623244,0.19737992
Patty Mills,SAS,11.258663,2.4043756,6.0643134,2.430078,1.9348729,1.0437033,0.59003794,0.0589554
Luke Kennard,MEM,10.333759,2.0949118,4.721805,3.1173172,2.5047657,0.9244534,0.82296264,0.16877106
Dalen Terry,CHI,3.0349345,0.26192957,0.8692707,1.5017054,0.5816678,0.42262667,0.2634649,0.102041304
Shai Gilgeous-Alexander,OKC,29.522087,1.8971418,5.2668624,6.6672134,5.076012,2.8064616,1.8510488,1.0219861
Ben Sheppard,IND,5.1591816,0.86929166,2.4590826,1.8686724,1.2079903,0.6120156,0.43858203,0.06961429
Kyle Anderson,GSW,5.917054,0.58598673,1.670259,3.860941,2.0396235,0.8469676,0.8183827,0.45764008
Anfernee Simons,POR,8.654652,1.0770879,3.0331852,2.2737455,1.3833234,1.0627283,0.4858421,0.14663917
Tristan Thompson,CLE,11.318154,0.26677758,0.84030855,10.369118,1.4753484,1.403016,0.76433593,0.75698525
Al Horford,BOS,11.203149,2.1477492,5.505011,6.0480337,2.9431424,1.1271238,0.79053247,0.7938422
Jaime Jaquez Jr.,MIA,9.472144,0.66367817,2.1646438,4.4475346,3.7456295,1.628915,0.89982706,0.25577304
Georges Niang,PHI,10.069532,2.084236,5.067056,2.4726658,1.4150522,0.89593846,0.5457789,0.19897968
Draymond Green,GSW,10.807016,0.9289159,3.0072548,7.818334,7.581203,3.0099323,1.8226664,1.2485021
Dwight Powell,DAL,8.037608,0.4554311,1.3633599,4.8126073,1.7809067,1.0392393,0.7249462,0.39464954
Joel Embiid,PHI,19.953484,1.1168126,3.1613283,7.979936,2.0526116,2.2766469,0.81151587,2.1629999
Myles Turner,IND,15.015725,1.5872241,4.113116,6.502656,1.4172254,1.4679917,0.6381183,1.5755087
Nikola Vučević,ORL,18.954216,1.7619808,4.6807947,10.00992,3.157482,2.0325963,0.9625514,0.7592186
Tyler Herro,MIA,23.80684,3.7147315,8.836186,4.183302,6.0724754,2.615139,1.0197808,0.18264428
P.J. Washington,CHA,12.114736,1.4597521,4.1171217,4.9038916,2.1662111,1.5214981,1.0471461,0.7517924
Jaren Jackson Jr.,MEM,14.784244,1.7777741,4.7510605,5.6816497,1.3652128,1.409146,0.9128541,1.9706482
Isaiah Stewart,DET,11.363217,1.4535538,3.9247892,6.0766797,1.5374761,1.2107948,0.704478,0.7266737
Alex Caruso,LAL,6.8312583,0.94904417,2.64682,3.237152,2.4303977,0.98017687,0.9431651,0.3150791
Jayson Tatum,BOS,30.772697,3.5144317,9.385658,7.3212724,5.4451957,3.6993582,1.3417366,0.63587815
Keldon Johnson,SAS,11.841364,1.1556083,3.5585983,4.7735896,1.9172398,1.3333429,0.7046568,0.31902483
Nikola Vučević,ORL,13.314448,0.34548783,1.1047367,9.518088,2.7571416,1.8385133,1.1823182,0.9777811
Kelly Oubre Jr.,WAS,11.824595,1.6635902,4.7234316,3.6908636,2.0757236,1.3331268,1.0530523,0.40297237
Clint Capela,HOU,7.1596494,0.10649473,0.43506205,6.8491993,1.374042,1.2487819,0.65974945,1.0736684
Malevy Leons,OKC,1.6540197,0.015567369,0.21118726,1.056761,0.1869726,0.2932598,0.12175064,0.012525173
Drew Eubanks,PHX,6.4790206,0.12738782,0.26366794,5.0330873,0.85477996,0.8349753,0.46815342,0.71546566
Nicolas Batum,LAC,8.875463,1.6153303,4.275509,4.363663,2.4752543,1.0047609,0.8458632,0.5647787
Jalen Johnson,ATL,5.935535,0.55893874,1.7130765,3.3689396,1.7729496,0.9539275,0.6988111,0.45725596
Malcolm Brogdon,MIL,12.9993925,1.2741493,3.4854436,3.286109,2.9519506,1.7135084,0.79154277,0.30800772
Anthony Gill,WAS,4.4309335,0.35423183,0.84622633,2.2165165,0.5364573,0.53180224,0.27612576,0.26598904
Derrick White,BOS,12.808855,1.8587251,4.7901278,4.7213035,2.7392724,1.2266512,0.79496497,0.75728256
Jeremy Sochan,SAS,10.959354,1.0808941,3.303273,6.0851965,2.5045183,1.5608883,1.0134777,0.46339977
Jae'Sean Tate,HOU,9.658673,0.50339603,1.6328832,4.2598987,1.856979,1.3079703,0.80379564,0.28612256
Moses Moody,GSW,8.21063,1.1114743,3.0109901,3.462993,1.2372047,0.82869446,0.56046987,0.38291973
Bradley Beal,WAS,17.454767,1.8181316,4.8081474,3.5647259,3.7656734,2.253728,1.0128418,0.23085228
Talen Horton-Tucker,CHI,6.4331694,0.84335256,2.202619,2.1849597,1.2516018,0.72752583,0.46028286,0.18348202
Ivica Zubac,LAC,9.008664,0.07049341,0.29516828,8.720672,1.4081861,1.4233906,0.6376501,0.9099083
A.J. Lawson,DAL,4.0212317,0.6220449,1.544845,1.4821496,0.54266834,0.43688798,0.22194485,0.03791848
Grant Williams,BOS,8.577221,1.4194157,3.722807,4.303884,1.5467626,0.8714872,0.70962566,0.36634102
Derrick White,SAS,3.4717593,0.37617815,0.8729204,1.4784071,0.7261379,0.41035253,0.31166726,0.18342736
Caleb Houstan,ORL,3.7520547,0.7749178,2.1045635,1.6214108,0.4907119,0.39455312,0.24356674,0.116725
Alec Burks,PHI,14.977926,1.8367089,4.792924,3.7356682,2.879224,1.5523777,0.8610637,0.32157055
Joe Ingles,UTA,11.988217,2.2294035,5.7673597,3.558317,5.1440916,1.6984507,1.1101096,0.26405597
Trey Lyles,SAC,9.9179735,0.9441249,2.6873946,4.293,1.4085748,1.0464678,0.59103847,0.37824452
Monté Morris,DEN,10.396126,1.1365205,2.9562232,2.7877996,2.767427,1.1354415,0.7391528,0.27475584
Kelly Olynyk,UTA,12.803507,1.3019273,3.5388503,6.6349397,3.0169039,1.8531768,0.80802155,0.51212317
Ja'Kobe Walter,TOR,7.4150434,0.9243213,2.8944473,2.718938,1.2762151,0.9402404,0.5091066,0.1968804
Mark Williams,CHA,8.117436,0.051907726,0.20137538,7.5550876,1.1473062,1.192292,0.56260633,0.88669556
Kyle Lowry,HOU,9.066428,0.6495668,2.1906796,4.032589,2.8990402,1.3741571,1.1397527,0.16967413
Donte DiVincenzo,MIL,11.194508,1.9266996,5.0910807,5.923931,2.7913406,1.2161589,1.0627296,0.29279846
Patty Mills,POR,6.4224234,0.6938687,1.8782758,1.826647,1.149944,0.8039572,0.41833985,0.05348745
Keldon Johnson,SAS,14.897942,1.9159513,5.332625,6.1067095,2.2505348,1.6389936,0.74190634,0.30865273
Cade Cunningham,DET,17.135094,1.8118048,5.7066994,4.9463882,5.624707,3.2022045,1.1760881,0.64227676
Luka Dončić,DAL,32.34818,2.9417083,7.9798207,7.0988183,9.5437,4.4740505,1.7365711,0.5201367
Evan Mobley,CLE,14.1537485,0.47184277,1.4154421,9.210563,2.6647215,1.8064778,1.089481,1.2843987
Eric Gordon,PHI,7.165847,1.3401623,3.517997,1.9669423,1.0722778,0.71617466,0.459999,0.24425763
Enrique Freeman,IND,2.5472922,0.098981686,0.42812073,1.3660004,0.4107091,0.402008,0.20431189,0.08487907
Kyrie Irving,DAL,24.746258,3.028742,7.222581,4.5234714,5.5360136,2.355751,1.161498,0.3996595
Myles Turner,IND,10.444996,0.16603696,0.5860456,5.0847445,1.1519482,1.3048825,0.6989513,1.2830937
Max Strus,MIA,12.26564,2.564735,6.727263,3.315581,1.8553088,1.1291194,0.69364905,0.21107861
Kelly Oubre Jr.,PHX,18.158829,2.0028143,5.5474825,5.8281183,2.7695308,2.1399062,0.9396141,0.6483311
Bruce Brown,DET,8.980879,0.60250396,1.8515301,4.9132676,3.5741475,1.6325161,1.1620249,0.520254
Spencer Dinwiddie,BKN,7.788162,0.80308145,2.5649612,2.8241277,2.4304757,0.9026671,1.4550322,0.27514648
Kristaps Porziņģis,NYK,13.20576,1.1510966,3.2711112,7.5132937,1.2318606,1.536536,0.69048065,1.7752911
Obi Toppin,NYK,8.6226225,0.8131909,2.2706342,3.8064415,1.0580101,0.88558674,0.4860409,0.4743977
Aaron Wiggins,OKC,6.9226084,0.7599398,1.9057705,3.0004244,1.3600091,0.7336296,0.50377357,0.22555393
Toumani Camara,POR,10.75646,1.4700364,4.237309,5.637068,2.1241574,1.3009138,1.4239928,0.5397342
Ausar Thompson,DET,8.373465,0.47063458,1.5972309,4.472031,2.779505,1.5015548,1.0344049,0.40936747
Deni Avdija,WAS,7.9763207,1.01385,3.0509827,3.623096,2.8457613,1.3188208,0.8766468,0.50480235
Keon Johnson,BKN,10.150711,1.459129,4.4708524,3.0971482,2.2182806,1.4232427,0.7718623,0.3099657
Giannis Antetokounmpo,MIL,15.868007,0.43028402,1.5431781,6.8066177,5.727471,3.212653,1.2479784,1.2645636
Caleb Houstan,ORL,4.753274,0.89668715,2.4306862,2.4812436,0.6162472,0.46039754,0.31620562,0.1422778
Gary Harris,DEN,18.319637,2.37598,5.79086,3.635511,3.7409692,1.9504621,0.997061,0.2269302
DeMar DeRozan,CHI,23.11625,1.2276816,3.4120927,4.677452,5.9263043,2.4290392,0.9851688,0.58783484
Cam Reddish,POR,9.917397,1.1512423,3.402688,2.8323343,1.6740303,1.201355,0.6210082,0.3525597
Bub Carrington,WAS,11.72389,1.4013493,4.5462976,3.6665418,5.901299,2.923751,0.9900892,0.32564467
Brandon Miller,CHA,17.767452,2.5090845,6.7665176,3.874554,2.6973019,1.9844126,0.92696345,0.5369324
Jamal Cain,NOP,4.997212,0.546424,1.7187439,3.0335937,0.9310347,0.6501979,0.46553493,0.35487738
Al Horford,ATL,14.049881,0.2790926,0.83624136,6.8329244,3.4830709,1.6355184,0.94714373,1.1706381
Richaun Holmes,WAS,3.3369756,0.08578605,0.4305426,2.5056443,0.42118213,0.5396525,0.29224563,0.48949808
Taze Moore,POR,4.8941965,0.37801236,1.5624874,2.578614,0.9374894,0.6908845,0.41347173,0.040935695
Ivica Zubac,LAC,7.6201577,0.113652654,0.39644969,7.0359926,1.1925417,1.0924464,0.6196136,0.82753056
Torrey Craig,PHX,7.8176436,1.2236887,3.354991,5.5518427,1.326373,0.88070714,0.7058176,0.67554206
Malik Beasley,DEN,11.581833,2.1019619,5.0176945,2.7916732,1.5695531,1.0498135,0.547527,0.12884772
LeBron James,CLE,29.744034,1.7287159,5.0101295,7.4127555,7.5066376,3.9083452,1.7835193,0.99527717
Damian Lillard,POR,26.711807,2.9767876,7.780306,4.215163,5.717253,3.1263745,1.2536386,0.26316375
Bobby Portis,MIL,12.897221,1.1890445,3.1777692,6.85633,1.9676359,1.3810139,0.6455948,0.39332268
Payton Pritchard,BOS,15.535774,3.1658933,7.2899585,5.475105,2.3182762,1.2793417,0.78343856,0.21270457
Alex Len,PHX,8.3066845,0.064642854,0.2375256,7.308594,1.2901226,1.2691805,0.5845987,0.7975892
Alex Caruso,CHI,5.6277676,0.7839334,2.2803202,4.0470862,2.8659093,1.1060417,0.9752318,0.64921397
Damion Lee,PHX,8.482937,1.4363946,3.409506,2.4996243,1.3420973,0.8034081,0.4974555,0.16559201
Cam Reddish,NYK,10.170683,1.372048,3.6846156,2.6639712,1.4710951,1.0843908,0.5472957,0.2755031
Steven Adams,OKC,4.1079283,0.15142524,0.573352,4.301959,0.6588466,0.6035361,0.5474046,0.61986583
Myles Turner,IND,11.24428,1.3881216,3.8314872,6.2336917,1.2199498,1.256694,0.78011686,1.9269867
Dejounte Murray,ATL,20.191074,1.8435591,4.9536815,4.261706,7.0513935,2.4513054,1.2509297,0.29497546
Anthony Edwards,MIN,24.052298,2.7405784,7.4239664,5.1769786,5.1356816,3.0200055,1.29546,0.63128084
Jared Rhoden,CHA,2.3009915,0.14064163,0.59420645,1.4930294,0.31754157,0.31650084,0.16763137,0.027871283
Donte DiVincenzo,NYK,16.635494,3.5384576,8.668046,4.053428,2.6208987,1.3718715,1.1998855,0.39273906
Dean Wade,CLE,7.116853,1.5387596,4.183007,4.795977,1.8420094,0.80506873,0.9387736,0.48950964
Jonathan Isaac,ORL,6.330659,0.5540702,1.6010612,4.525747,1.2984952,0.7142765,0.88998985,0.38398403
Josh Giddey,CHI,11.500848,1.1267374,3.5203688,7.0305724,6.2989597,2.3946438,1.4060831,0.47970724
Andre Drummond,CHI,7.3323073,0.1296559,0.55006826,7.868953,1.799202,1.1300519,0.69462234,0.521506
Kyrie Irving,CLE,18.501728,1.3481997,3.7423275,3.8775942,4.3705015,2.5688837,1.1784652,0.37501556
Jalen Brunson,NYK,23.186586,2.047657,5.2980766,4.1744976,5.7909307,2.6246977,0.9878704,0.20768008
Kevin Durant,OKC,28.502853,1.9744152,5.649508,5.991812,4.097334,3.3644903,1.4100568,0.9520334
Nicolas Batum,LAC,9.048469,1.7963313,4.834538,3.8961108,2.2818239,1.029636,0.88074154,0.6527863
Gary Harris,DEN,5.004734,0.4979174,1.6904469,1.9732974,0.9624063,0.68258286,0.38956395,0.123242736
Patty Mills,POR,4.4672117,0.20067745,0.25109613,0.919291,0.6486267,0.62212545,0.2202953,0.051529378
Jimmy Butler,MIA,21.4277,0.66186374,2.1199512,6.210224,6.028065,2.41229,1.255616,0.55782735
Jose Alvarado,NOP,7.3390017,1.380512,3.5886526,2.8678842,2.0222518,0.8069925,0.7965747,0.2844997
De'Anthony Melton,MEM,11.580389,1.9171376,5.139958,4.5402226,2.6742923,1.2116896,1.2713627,0.5080097
Dario Šarić,PHX,8.3288965,0.90543777,2.6773808,3.3519955,1.413526,0.97641236,0.55948657,0.17014429
DeAndre Jordan,LAC,7.1028385,0.071375914,0.30738914,7.829256,1.0733887,1.2376398,0.7018292,1.7640498
DeAndre Jordan,DEN,4.165357,0.0033547345,0.08444584,4.322732,1.1076901,0.7458198,0.4434492,0.45014042
Ricky Council IV,PHI,5.778273,0.57373697,1.7852985,2.4994953,0.8993391,0.6994673,0.37824768,0.17016265
De'Aaron Fox,SAC,22.494934,1.3808821,4.3053417,4.406695,6.291503,3.3803804,0.95296204,0.38406715
Joe Ingles,UTA,10.214454,1.9010731,4.9614024,3.3050165,4.446474,1.4705974,0.9662109,0.23294708
Terry Rozier,BOS,11.973627,1.8466873,4.9885874,3.7584274,3.9474442,1.6573917,0.96877414,0.24586019
Cameron Payne,NYK,8.277377,1.5343665,3.7857614,2.5357618,1.6508348,0.8430168,0.640641,0.27857703
Malik Beasley,MIN,13.277636,3.1725066,7.761133,2.916608,1.7884352,1.0217922,0.670524,0.20872709
Jaylen Nowell,MIN,10.356754,1.1019899,3.3562632,2.767828,1.9463671,1.2320052,0.6268155,0.17271581
Josh Richardson,MIA,10.668482,1.4550672,4.2018323,3.833611,2.1487002,1.3360828,1.2276893,0.6904506
Daniel Gafford,DAL,7.557792,0.024925416,0.094065316,8.094857,1.8302504,1.4029163,0.77701676,1.8308941
Isaiah Stewart,DET,7.916975,0.35815734,1.0201162,6.594713,1.2261659,1.1353289,0.6217876,1.1594495
Cameron Payne,PHX,11.133377,1.1898948,3.610528,3.1539283,4.2667613,1.7761769,0.8651009,0.28732765
Derrick Jones Jr.,MIA,7.131934,0.56253153,1.6770781,4.3662076,1.0945479,0.8744676,0.5880726,0.64586884
Dillon Jones,OKC,2.8647914,0.30734593,1.1376182,1.8232479,0.7254822,0.42760193,0.35287303,0.111487895
Colin Castleton,MEM,2.015489,0.044069476,0.39819872,1.1946204,0.2226982,0.3227809,0.14505433,0.08327064
Lauri Markkanen,CHI,14.043251,2.3864655,5.7326922,4.1231565,1.9032531,1.281677,0.6894686,0.29100537
Kentavious Caldwell-Pope,ORL,9.974906,1.6667107,4.2727356,3.3174624,1.8191457,1.082759,0.75308996,0.59769964
Stephen Curry,GSW,23.045872,4.1139455,9.871631,4.7536516,5.4967036,2.3345306,1.0483776,0.44475988
Royce O'Neale,UTA,5.226384,0.60839695,1.8212599,2.5687687,1.5588827,0.69905686,0.6351852,0.2050387
Zach LaVine,CHI,24.056002,3.169298,7.216871,4.0304456,5.060946,2.381631,0.9174723,0.283069
DeMar DeRozan,SAC,22.3456,0.94117093,2.962476,4.7585597,5.5875177,2.9612184,0.83588636,0.36647204
Pascal Siakam,IND,20.529871,1.7248139,4.670329,5.4166803,4.681675,2.3710916,1.202399,0.31128317
D'Angelo Russell,BKN,22.09241,2.9320123,7.4278855,4.314669,6.1680417,2.7924147,1.2330654,0.17587379
Nicolas Batum,POR,11.113543,1.4382232,3.8300118,3.6039417,1.667511,1.2413404,0.8184084,0.6635161
Jaden McDaniels,MIN,9.559021,1.3036678,3.6087058,3.9352427,1.3505609,0.97711766,0.94260246,0.7549887
Trey Lyles,UTA,6.873108,0.9429492,2.7789545,3.090013,1.1415185,0.75775206,0.53167534,0.28603703
Isaiah Joe,OKC,9.945319,2.3532248,5.6503086,2.8348012,1.6122034,0.8129929,0.6578512,0.23423368
Alondes Williams,MIA,1.8045133,0.07868952,0.49363387,0.7615948,0.09723757,0.31085485,0.089785025,0.08295527
Reggie Jackson,LAC,17.096268,2.2456715,6.463883,3.689951,4.030982,2.156889,0.78864354,0.22789162
Richaun Holmes,PHI,9.076725,0.539848,1.5223907,5.5275,1.2777464,1.1868677,0.6267447,0.92055994
Mike Conley,UTA,13.928855,2.3125713,5.9362745,3.8748426,4.431978,1.7395729,1.107986,0.34490797
Naz Reid,MIN,10.6835,1.1893567,3.2331917,4.5053196,1.3110772,1.1175188,0.62415916,0.7229542
CJ McCollum,POR,20.814423,2.4495788,6.065093,3.772983,3.9607596,2.2801976,1.0449848,0.28308117
Khris Middleton,MIL,15.194079,1.4575992,3.9037397,3.2268891,4.482727,2.1975539,0.9641328,0.23195031
Markieff Morris,PHX,8.2977085,0.7396927,2.2203934,4.0131717,1.464441,1.1236422,0.7646796,0.6570969
Kessler Edwards,DAL,1.9685262,0.13970715,0.59853256,1.0962522,0.3188822,0.31850964,0.17832242,0.0899308
Kevin Durant,OKC,32.348022,2.392428,6.5461636,6.182669,6.781663,3.984707,1.7418026,0.7111423
Gary Payton II,WAS,4.210672,0.40241456,1.0087057,1.8437719,1.052607,0.54411584,0.42755973,0.24381676
Derrick Jones Jr.,PHX,5.378686,0.1771282,0.57448304,3.274462,0.6158222,0.66917205,0.36371824,0.385311
Bruce Brown,BKN,8.936387,0.5712421,1.6568384,4.7936316,2.522897,1.1950507,1.0170481,0.631647
David Duke Jr.,SAS,3.8197246,0.13956606,0.6939565,1.2808719,0.7937392,0.60233396,0.27021816,0.009004863
Alec Burks,UTA,6.6198936,0.5868915,1.6666261,2.0480824,1.2964365,0.814788,0.4625025,0.11892927
Anthony Davis,LAL,20.267944,0.48147863,1.5912911,9.687226,2.8170009,2.2239914,1.3486661,2.043173
Dario Šarić,PHI,14.303688,2.0462646,5.3115163,7.1437254,1.7039336,1.3774068,0.6800763,0.30499235
Jamal Murray,DEN,18.48967,1.9676092,5.2783065,4.00671,4.428923,2.126034,1.022648,0.27364105
James Harden,HOU,30.537092,3.6716855,10.019227,6.5891323,8.225267,4.598004,1.8024518,0.58971286
Damian Lillard,POR,26.965443,3.3266227,8.648293,4.808347,5.1454186,2.898022,1.3794513,0.38087952
Wendell Moore Jr.,DET,3.9584503,0.25553358,0.8906697,2.4294834,1.2278283,0.56689316,0.56619525,0.18711898
Collin Sexton,UTA,17.829992,1.6770877,4.2800407,4.4469395,3.7577584,1.7916051,0.74366343,0.21897614
Luke Kennard,DET,8.288041,1.0931783,2.7867439,2.536939,1.6832474,0.90569466,0.59331495,0.21439335
Cameron Payne,CHI,6.710937,0.87735504,2.6385882,1.920053,1.5764374,0.96467423,0.5267607,0.13840058
Garrison Mathews,ATL,9.659359,1.9601405,4.862969,2.511439,1.431414,0.8821117,0.5965894,0.26550373
Wendell Carter Jr.,ORL,14.265777,1.2946973,3.6226153,9.913088,2.2029562,1.8549356,0.7956283,0.63494104
Russell Westbrook,OKC,28.83754,1.4648424,4.6596656,6.621006,8.74106,3.9518971,2.017988,0.24629292
Brice Sensabaugh,UTA,8.055763,1.0695534,3.2755213,2.742406,1.7537569,1.0931993,0.5392211,0.1964744
James Johnson,IND,1.9808086,0.06014318,0.24042262,0.9727073,0.18875693,0.3641873,0.1378045,0.3034463
Delon Wright,TOR,6.051436,0.38401407,1.210988,2.6899424,1.5392526,0.76562893,0.9786588,0.3724223
Alex Len,SAC,2.2188115,0.075208135,0.4232105,2.6050606,0.40922448,0.40736556,0.31938457,0.30343407
Karlo Matković,NOP,2.0602355,0.13124853,0.5438639,2.4181883,0.41101953,0.39840877,0.3016947,0.6456556
Cameron Johnson,PHX,13.087701,2.534433,6.0213737,3.5284798,2.350027,1.1820034,0.79492956,0.2494121
Jrue Holiday,MIL,19.058641,2.4171615,6.1110153,5.4142942,5.5334888,2.01256,1.206837,0.42093787
Johnny Juzang,UTA,5.3258657,0.9232936,3.0275629,1.8874156,0.8728641,0.634674,0.38494205,0.15844643
Alex Len,SAC,6.4736543,0.23594469,0.68828976,4.3739257,1.1172804,0.9564872,0.5105941,0.5520687
Jalen Brunson,DAL,15.857712,1.2623315,3.3760538,3.13229,5.541945,2.0837655,0.8178414,0.05346915
Scottie Barnes,TOR,14.027116,0.98653287,2.9969268,6.876734,3.1135654,1.8351772,1.340225,0.73254365
Luke Kornet,BOS,2.9127593,0.09548385,0.49950397,2.7579558,0.38524148,0.3953817,0.25814137,0.15010306
Markieff Morris,WAS,13.39871,0.94105685,2.7579339,5.9207945,2.1751533,1.721289,0.7857706,0.5783987
Alec Burks,UTA,7.536063,0.72574705,2.0229042,2.142521,1.776504,0.92315906,0.54025304,0.12737322
Khris Middleton,MIL,19.832811,1.8947119,5.2677274,3.9387138,4.955043,2.539418,1.1452345,0.2994923
Giannis Antetokounmpo,MIL,21.360142,0.77564955,2.551408,9.142243,5.088786,3.1311488,1.5983258,1.8446639
Al Horford,ATL,11.617995,0.037084766,0.31511605,7.235815,2.1048408,1.7003461,0.81870013,1.2471817
Ja Morant,MEM,17.923603,1.0152421,3.0828607,4.3990097,6.7140136,2.9427764,1.0202771,0.2908437
Ja Morant,MEM,20.507973,1.4569311,4.50227,5.0429716,7.025179,2.9120026,1.0694561,0.28101262
Zach LaVine,CHI,17.654839,1.5749328,4.712565,3.182176,4.56126,2.9475234,0.87110734,0.15603054
Isaiah Hartenstein,NYK,4.730936,0.24668878,0.80162203,5.6244063,1.6289873,0.8616153,0.79731125,0.680316
Eric Gordon,LAC,22.383673,1.8542198,5.1310387,3.69746,4.1456184,2.7917416,1.2122188,0.32460234
De'Aaron Fox,SAC,24.205221,1.8405466,5.6096563,5.030885,6.99604,3.775524,1.1708168,0.50222254
Dean Wade,CLE,5.452113,1.0297351,2.9252727,2.999001,1.3319753,0.6521995,0.6784569,0.44698268
Kawhi Leonard,LAC,23.634043,2.0569236,5.2053356,5.191754,5.261905,2.317032,1.2146537,0.4970922
Donovan Clingan,POR,6.1231146,0.21747869,0.58135617,6.2394633,1.0156456,0.92138845,0.5850243,1.2827638
Jaylen Nowell,MIN,9.311035,1.2119395,3.4082515,2.7015674,1.4533676,1.0585066,0.567047,0.28582603
Russell Westbrook,OKC,23.778765,1.4037336,4.400406,7.5597167,10.010851,4.0454354,1.9211695,0.3222121
Brook Lopez,BKN,16.690441,0.07262606,0.30231988,6.8121767,1.1330136,1.5866697,0.65997463,1.8512336
Eric Gordon,HOU,16.874464,3.3309455,8.2705345,3.2132852,2.1670299,1.4957815,0.7326336,0.38084722
De'Anthony Melton,BKN,12.156197,2.186342,5.76277,4.6398787,1.9048293,1.1960192,1.0730981,0.34536394
Herbert Jones,NOP,9.601458,0.86851305,2.5282404,4.6744,2.1580634,1.2971889,1.1560382,0.7600358
Lauri Markkanen,CHI,15.384033,2.081185,5.753967,7.295831,1.9095873,1.7023056,0.72156507,0.5398583
Jordan Poole,GSW,18.478264,2.9023654,7.340781,3.8278997,3.0040946,1.9008403,0.86466295,0.29794088
Jevon Carter,MIL,9.257848,1.7407129,4.3687387,3.170903,1.847504,0.9074607,0.7101498,0.3605094
Dario Šarić,GSW,8.333715,1.140103,3.0825784,4.2064276,1.6762255,0.9200422,0.66826415,0.24279645
Andrew Wiggins,GSW,17.872538,2.0462878,5.3655663,4.965414,2.1575413,1.591099,0.89840186,0.8739079
Aaron Nesmith,IND,10.759982,1.130337,2.5849116,2.601653,1.8830256,1.4460264,0.5812357,0.2201035
Moritz Wagner,ORL,9.8275,0.50027514,1.4106067,4.2270308,1.2182773,1.0249912,0.48037928,0.3147895
Dariq Whitehead,BKN,3.2650628,0.28760082,1.1886322,2.500817,1.1643586,0.7299903,0.45047697,0.3684958
Kevin Durant,OKC,28.5184,1.6964111,4.8154626,6.73877,5.567155,3.3085592,1.6581217,1.2136884
Kristaps Porziņģis,NYK,16.578537,1.778428,4.8651633,5.987276,1.6745768,1.7152694,0.89990085,1.7776695
Alex Ducas,OKC,2.1441083,0.4610765,0.9872848,0.8269503,0.2304077,0.20429093,0.11074476,0.004733296
Ivica Zubac,LAL,3.9987788,0.0420248,0.27337086,3.1535769,0.51510406,0.501134,0.35774016,0.24811262
Joe Ingles,UTA,12.086722,2.3767672,5.7947655,3.3104055,4.91298,1.6040525,1.0407933,0.2628094
Cam Thomas,BKN,22.588776,2.2580247,6.038888,3.32336,3.6949718,2.6649032,0.74156874,0.18851468
Charles Bassey,SAS,5.8799763,0.14705634,0.3923,4.992229,1.3300614,0.9330718,0.66398996,0.78285366
Clint Capela,HOU,14.268077,0.016242092,0.36520016,12.297217,1.4786241,1.7217901,1.1963562,1.494573
Ausar Thompson,DET,8.459926,0.56505764,1.8256744,5.651684,2.801548,1.6429434,1.0582702,0.8214026
Jimmy Butler,PHI,18.69298,1.1473486,3.2606108,5.4787087,3.6973531,1.6813266,1.6455532,0.62768865
Cole Swider,MIA,2.908442,0.5421024,1.4177544,0.89116,0.13191055,0.2834409,0.110294566,0.09298357
Jericho Sims,NYK,2.4149642,0.023963159,0.25458372,3.627723,0.6698381,0.42368048,0.49540123,0.2579869
De'Andre Hunter,ATL,19.498346,2.5795746,6.451671,3.4094138,3.027907,2.1196785,0.74760944,0.15416348
Paul George,LAC,23.333736,3.1767762,7.902651,4.839846,4.950249,2.4570193,1.3154796,0.38017324
Kevin Porter Jr.,HOU,19.58577,2.4232569,6.8783774,5.210184,5.204667,2.894079,1.2573632,0.3188828
Matt Ryan,NOP,6.2873397,1.4309933,3.2220268,1.5031395,0.6878147,0.5013845,0.2958809,0.080358356
Norman Powell,LAC,16.889275,2.0281837,5.036603,3.0139086,2.3945496,1.7255741,0.6013043,0.27041957
CJ McCollum,NOP,20.33321,3.5605428,8.485427,4.0465207,4.4562044,1.883604,1.1725011,0.503477
Deni Avdija,WAS,6.48217,0.9596608,2.999196,3.002713,2.1470597,1.071106,0.7624837,0.3096169
Zach LaVine,MIN,10.283066,0.7650406,2.1776075,2.658119,3.3898058,1.797065,0.714706,0.12599638
Anfernee Simons,POR,17.25621,3.1000829,7.483151,3.6590307,2.778135,1.7527792,0.745294,0.12273008
Karl-Anthony Towns,MIN,20.214172,2.0601845,5.7127004,7.4629607,3.5396636,2.570748,0.99329424,0.59225553
Lester Quinones,PHI,2.627995,0.08879132,0.54905117,1.8197422,-0.1476555,0.28244835,0.025397224,0.02414647
Payton Pritchard,BOS,8.801129,1.5738069,3.8396614,2.7672238,1.5709901,0.8584403,0.58638775,0.16012332
Matt Ryan,BOS,5.039907,1.3865998,4.4345613,1.4496825,0.74664843,0.46640563,0.29317608,0.056170255
Chris Boucher,GSW,1.4820751,0.18760765,0.74078023,1.2218521,0.0061580986,0.17530078,0.07055025,0.0031174738
Joe Ingles,MIN,1.4341959,0.09246666,0.39324772,0.9347153,0.3139126,0.29450053,0.17826639,0.03751567
Anthony Davis,LAL,22.799501,1.116151,3.30651,10.105121,3.041139,2.4358666,1.1946769,2.0290127
Jaylin Williams,OKC,6.627911,0.9086548,2.5367427,3.5710094,2.070057,1.0176483,0.8362983,0.2507239
Talen Horton-Tucker,LAL,9.748447,0.9311507,2.895916,3.5938294,2.6624188,1.6060472,0.8446303,0.48715216
Dillon Brooks,MEM,17.834211,1.3357635,4.2683067,4.249518,2.608734,2.1562,0.7878387,0.3330852
Nic Claxton,BKN,8.81653,0.1695211,0.61472595,8.361104,2.3718827,1.5711647,0.87613827,0.96020323
Trey Murphy III,NOP,14.700867,2.6205316,6.42066,3.8124337,2.2732887,1.3042437,0.84229505,0.45927784
OG Anunoby,NYK,14.3422165,2.0252688,5.3104854,4.1330934,2.3249755,1.3912134,1.2170142,0.64164454
Kristaps Porziņģis,DAL,18.674612,2.2374504,5.711074,8.070104,1.8933588,1.6793183,0.76473737,1.1642236
TyTy Washington Jr.,PHX,2.6778083,0.46527004,0.88265574,0.86727834,0.6264577,0.25169224,0.20915191,-0.014986394
Scottie Barnes,TOR,18.663208,1.8214473,5.2455816,8.7383175,4.995357,2.780373,1.2970976,1.3629179
LeBron James,LAL,25.061792,2.2348003,6.201176,6.59984,8.215899,3.615218,1.2268481,0.56660503
Davion Mitchell,SAC,6.083443,0.7930826,2.317406,2.151198,1.7545826,0.7953387,0.54588276,0.2096419
Malik Beasley,MIL,12.095619,2.876982,6.781113,3.3529031,1.8637961,0.96782416,0.71604484,0.16688034
John Collins,ATL,15.26389,1.2090977,3.2359378,7.511256,1.9729749,1.6020508,0.7397634,0.8973851
Taj Gibson,CHI,8.3771715,0.07780332,0.38659465,8.053559,1.0523465,1.3478452,0.6120722,1.1748992
Blake Wesley,SAS,6.3182745,0.49203515,1.5039186,2.225723,2.7003632,1.379495,0.6204937,0.14353174
Kevon Looney,GSW,4.239322,0.19455057,0.79825056,4.063267,0.8962226,0.6436481,0.5190429,0.26629385
OG Anunoby,TOR,15.70902,2.4138389,6.2155704,5.0411787,2.4575388,1.5226941,1.230791,0.6485268
Dejounte Murray,SAS,15.388878,0.87262803,2.8429685,4.7938323,7.6605883,2.6399503,1.371131,0.21754768
Justin Champagnie,WAS,6.646538,0.890302,2.7126682,4.440957,1.1018798,0.78115004,0.6212107,0.5570949
Steven Adams,MEM,8.24242,0.04782266,0.31979096,12.730736,1.784942,1.2637119,0.93169725,0.9547049
Patty Mills,SAS,10.753161,1.6353629,3.994364,2.8758724,1.7939881,1.0920635,0.6126286,0.17059734
Kevin Love,MIN,25.605064,2.7122753,7.2672706,9.700969,4.529743,3.2334206,1.1229684,0.47754017
Walker Kessler,UTA,6.437164,0.08219201,0.18154182,7.32345,1.0420985,1.0556164,0.63773644,1.9774265
Jrue Holiday,PHI,8.733524,0.8353019,2.3163981,3.362608,2.7887242,1.345233,1.0083214,0.24607244
James Harden,OKC,17.160345,1.8600672,4.922049,3.346836,3.5925028,2.0545852,1.2591565,0.21876898
Christian Koloko,LAL,2.626495,0.073097415,0.3665868,2.9717424,0.46011683,0.42873305,0.33909857,0.3277486
Michael Porter Jr.,DEN,9.0408535,1.0832547,2.732347,5.4414935,0.7645595,0.8343096,0.425933,0.43590415
Tristan Thompson,CLE,7.0084386,0.0645035,0.4700786,8.82842,1.3106322,1.1661742,0.66825956,0.5614817
Luke Kennard,LAC,12.636858,2.648496,5.999608,2.870685,2.3928518,1.0591301,0.71590054,0.14830735
Branden Carlson,OKC,3.7333236,0.7406838,1.9156208,1.6465514,0.5126593,0.38029557,0.27874693,0.34197202
Gary Harris,DEN,13.014098,1.4501615,4.0723124,3.472758,2.118036,1.4133664,0.75281346,0.31974885
Jakob Poeltl,SAS,5.4768405,0.05748076,0.19336905,6.0248184,1.6873089,1.1076409,0.7261895,1.2250243
Rui Hachimura,WAS,13.570028,0.7513297,2.3784282,4.1000357,3.2735047,1.8688583,0.68665165,0.16101858
Kyle Kuzma,LAL,12.992994,2.1777735,5.6464,7.1615815,1.1665819,1.1329842,0.5870754,0.5481103
Svi Mykhailiuk,UTA,10.426587,2.2028425,5.7184486,2.5136256,1.5282103,0.94098884,0.61799556,0.28545403
Jimmy Butler,CHI,12.936898,1.1887703,3.6004632,4.4388094,3.737528,1.8039079,1.3854734,0.50643903
Myles Turner,IND,11.864856,0.8698491,2.4630094,6.6838684,1.2363418,1.3214039,0.73308706,1.6771734
Giannis Antetokounmpo,MIL,28.60961,0.36568087,1.2973613,10.595529,6.466641,3.825493,1.3600442,1.3351542
John Konchar,MEM,5.183868,0.7038256,2.0311081,4.5874963,1.4274899,0.68621284,0.6806726,0.3224471
Nikola Jokić,DEN,25.723034,1.2605658,3.4269974,11.164149,9.157595,3.5485587,1.5729791,0.9120114
Bones Hyland,LAC,7.627817,1.1619743,3.3608692,2.1266112,2.2883244,1.0728042,0.6032454,0.121723235
Julius Randle,NYK,18.90141,1.2482803,3.914353,8.928046,2.8366969,2.4017088,0.7447093,0.31694192
Cory Joseph,SAS,5.534731,0.23768795,0.6810938,1.9724469,1.7046578,0.7718287,0.6147781,0.12473974
Maxi Kleber,DAL,3.884472,0.4676736,1.4667404,3.0061426,0.92348635,0.5735382,0.51267844,0.45081148
Brandon Ingram,LAL,17.853828,0.6756815,2.177726,4.5273094,3.117308,2.4660928,0.7740325,0.5827047
Deandre Ayton,PHX,12.821466,0.19184214,0.6380547,9.849352,1.536932,1.5659882,0.7855395,1.1117463
Steven Adams,OKC,7.6415462,0.16465914,0.5706233,6.336303,1.1667535,1.0972955,0.73026145,1.0008557
Royce O'Neale,BKN,9.171699,2.0431108,5.5346556,3.9243224,3.3069534,1.4045503,1.0600666,0.54255956
Kevin Love,MIA,9.205595,1.6316253,4.693332,5.4099097,1.8358468,1.0403271,0.60865724,0.22224972
Anthony Black,ORL,9.538264,0.74681646,2.3864312,3.6285384,3.3547025,1.8555965,0.86287457,0.57307047
Coby White,CHI,19.29113,3.048313,7.959575,3.818999,4.3030734,2.4259906,1.0209904,0.24286631
Luka Dončić,DAL,28.671011,3.0301223,8.062511,6.880963,8.839069,4.1041265,1.6613376,0.5022983
Jamal Murray,DEN,19.345346,2.0973349,5.4847474,4.640011,6.038234,2.361107,1.1615697,0.5013325
Clint Capela,HOU,3.5597801,0.075315066,0.34722912,2.3400385,0.2214558,0.5437136,0.21028344,0.6548011
Grayson Allen,MIL,10.987681,2.0474803,5.081936,3.6709945,1.9632317,1.0308279,0.7109574,0.23270056
Josh Minott,MIN,3.21973,0.16669393,0.49764454,1.6827252,0.5153892,0.4521746,0.27452368,0.36795223
Jay Huff,MEM,9.07232,1.5651032,3.9416556,3.0457947,0.76325524,0.7401379,0.47082418,0.87201995
Jrue Holiday,NOP,13.993521,0.7310546,2.2513463,4.271752,6.9960704,2.61173,1.5198674,0.40871823
Moritz Wagner,ORL,8.259525,1.0643394,2.9319346,3.2452257,1.239372,0.91005987,0.51104724,0.22574958
Bryce McGowens,CHA,5.4506407,0.5573542,1.6239285,1.9502752,1.0899074,0.72686356,0.4093089,0.11172113
Spencer Dinwiddie,BKN,13.037638,1.7900585,5.195589,3.8124015,5.447385,2.2483165,1.2271942,0.3160822
Mouhamed Gueye,ATL,5.638409,0.5155408,1.5754123,5.0341287,1.2389921,0.83976233,0.7201601,0.61906433
Jakob Poeltl,TOR,9.572399,0.013795919,0.07009376,10.354539,2.1381078,1.7066797,0.7996626,1.3743341
Kevin Durant,GSW,25.155485,2.2214823,6.05243,7.101261,4.7196674,2.8851202,1.0417529,1.5016958
Tristan Vukcevic,WAS,1.30697,0.13896662,0.5532123,0.8233614,0.011712536,0.21116382,0.07783298,0.15391493
Zach LaVine,MIN,14.612148,1.5483319,4.136775,2.9887555,3.27975,2.017984,0.893541,0.2278159
Seth Curry,CLE,3.401732,0.29918122,0.6857089,1.273953,0.934052,0.50340617,0.34414697,0.05636376
Kentavious Caldwell-Pope,LAL,11.412899,1.9415072,5.0848274,3.35068,1.7716174,1.1161004,0.92215383,0.323286
Terry Rozier,BOS,3.6516824,0.23436421,0.8633934,1.8089592,0.724028,0.51621765,0.3029766,0.05875951
Kelly Olynyk,BOS,10.393424,1.2000808,3.24025,4.0604386,1.7211329,1.1245431,0.72919863,0.47957134
DeMar DeRozan,CHI,25.201818,0.9697409,2.7284975,4.338158,5.424864,2.567071,0.98011523,0.35068014
Buddy Hield,GSW,13.247828,2.7704499,6.9020405,3.2792535,1.9708563,1.1599652,0.72401965,0.29789984
Terance Mann,LAC,3.2329268,0.2575208,0.78580606,1.6154549,0.8439137,0.47475702,0.3579954,0.10448763
Cameron Johnson,PHX,10.388019,2.0907166,5.4154916,3.3715553,1.555115,0.92463946,0.6473899,0.2985347
Myles Turner,IND,11.174819,0.88074833,2.544965,7.461069,1.4214427,1.4333411,0.92064583,2.4128175
Bobby Portis,MIL,12.966065,1.2116288,3.3739738,6.097852,2.7260947,1.4370304,0.990669,0.498504
Jeremy Sochan,SAS,10.609459,0.7782601,2.5063062,5.0324264,2.2473788,1.5295317,0.9147758,0.40951264
Bobi Klintman,DET,2.811005,0.09947056,0.3410946,1.2071378,0.5510328,0.48923105,0.23746197,0.039444625
James Johnson,TOR,7.81094,0.33122492,1.0281068,3.97317,1.4099323,1.2399224,0.629942,0.91510797
Max Strus,CLE,9.103046,2.0129712,5.231516,4.0220976,1.720754,0.8670695,0.79843265,0.32073486
Jeremiah Robinson-Earl,NOP,3.4076996,0.348848,1.0320281,1.9104826,0.5974457,0.42074472,0.2793192,0.10320166
Cade Cunningham,DET,19.522373,1.4356143,4.9093947,5.1060452,5.8916426,3.577927,1.0622159,0.50405884
Day'Ron Sharpe,BKN,6.012505,0.19220364,0.572754,5.074775,0.74591327,0.74634653,0.41871616,0.43745154
T.J. McConnell,PHI,6.865424,0.36802405,1.1206342,3.2590375,4.0214396,1.3345666,0.94682693,0.28282955
Kyle Anderson,SAS,3.4380202,0.11585457,0.43139803,1.8181515,1.365843,0.6409553,0.5207365,0.19090009
James Johnson,MIA,8.169838,0.9160848,2.7752578,3.086227,2.167193,1.2642354,0.7422469,0.46481755
Mac McClung,PHI,13.449704,1.9523709,5.414401,5.809949,2.0763535,1.3086208,1.1133287,0.097076625
Ben Simmons,PHI,15.68232,0.11430008,0.7019409,7.9074817,7.7155046,3.4415398,1.6501038,0.6258369
Giannis Antetokounmpo,MIL,7.29524,0.5756435,1.7959734,4.182701,1.9422123,1.3247331,0.84156996,0.7323908
Cody Williams,UTA,5.7140245,0.61513734,2.14704,2.6552553,1.8597636,1.1738123,0.6182051,0.37422526
Vasilije Micić,CHA,7.5931654,0.8304239,2.4845304,2.1269803,3.1666572,1.134604,0.64483666,0.10097733
DeAndre Jordan,BKN,7.5546155,0.017158335,0.17094101,9.353927,2.2972176,1.335928,0.6987972,0.82614595
Draymond Green,GSW,14.734558,0.92101526,2.8487256,8.881155,8.652385,3.3634503,1.574743,1.0773416
Dillon Brooks,HOU,12.699557,1.878866,4.960223,3.1016622,1.9808561,1.3631127,0.6798244,0.1700277
Cam Whitmore,HOU,10.468587,1.3896195,3.8950493,3.1464477,1.3166351,1.0916808,0.5304676,0.26235726
Mason Jones,LAL,6.5943446,0.2969944,1.1396159,2.004658,1.4213059,0.75001323,0.7743411,0.049037784
Christian Braun,DEN,7.5487075,0.76889795,2.2043629,3.8383372,1.6630516,0.9011681,0.7201142,0.38593656
Kawhi Leonard,SAS,11.86906,1.0870632,3.1023474,4.638164,2.8384597,1.3955601,1.468286,0.61709946
Anthony Edwards,MIN,21.677109,3.1484463,8.342699,4.9311094,3.5797777,2.3417888,1.3198512,0.5301924
Duncan Robinson,MIA,13.4878025,2.7543612,6.741957,2.856271,2.324148,1.2837021,0.7289233,0.22101057
Tari Eason,HOU,9.565068,0.8335325,2.447374,5.634477,1.8502594,1.2214116,0.77003306,0.499851
Bobby Portis,CHI,6.532634,0.48336542,1.5012529,4.045903,0.94152665,0.7709868,0.44569623,0.23769471
Dillon Brooks,MEM,16.95799,2.0005262,5.504163,3.701848,2.2531,1.7423207,0.87185556,0.42166838
Damion Lee,GSW,7.560252,1.0578821,2.9269683,2.3836875,1.6452129,0.86881083,0.55057466,0.145017
Bam Adebayo,MIA,18.990187,0.1960113,0.78161395,8.511799,3.7684453,2.570111,0.96315396,0.80747724
Tyus Jones,MIN,6.628354,0.5554017,1.6374824,2.4544165,4.877579,1.2649677,1.0841408,0.15261638
Thomas Bryant,WAS,7.2257566,0.51743126,1.5206177,3.7073622,0.91224396,0.9086959,0.47442454,0.7402681
James Wiseman,GSW,11.362367,0.41886055,1.2341269,4.7766128,1.2629066,1.4138588,0.546615,0.7842775
Lonzo Ball,CHI,13.668281,2.7605276,7.096706,5.1269617,4.5006943,1.706106,1.6338882,0.79628265
Aaron Gordon,DEN,13.483477,1.1569033,3.047982,5.0825267,2.6367867,1.4653591,0.74395305,0.25582862
Luke Kornet,BOS,3.9119468,0.56842214,1.8392214,2.7934232,0.5422361,0.51008695,0.36534745,0.88713676
Jarrett Allen,BKN,9.635118,0.06019432,0.34396017,10.229935,1.5955848,1.556356,0.77946967,1.2400817
Tyrese Maxey,PHI,25.264103,3.1161542,8.00422,4.7024407,5.45006,2.7877119,1.179403,0.43939722
Dwight Powell,DAL,4.123056,0.1739859,0.6669601,1.886163,0.68464184,0.5972895,0.3213037,0.22981578
Jaden Ivey,DET,15.484463,1.6945587,4.9000063,4.036097,2.5622625,1.8838084,0.8598503,0.49479568
Luka Garza,MIN,3.8679266,0.36718744,1.1307994,1.9043641,0.4290907,0.4467302,0.20855205,0.05420354
Terry Rozier,BOS,6.316829,0.77263916,2.358324,2.6267204,1.9701314,0.88321304,0.6604551,0.14814782
Duncan Robinson,MIA,7.450848,1.6136317,4.328477,1.7097011,1.0434982,0.7022658,0.42291933,0.0673857
Marcus Smart,BOS,10.801409,1.4379591,4.361401,3.7789474,3.1892536,1.5489949,1.4725744,0.42286906
Garrett Temple,SAC,7.8992352,1.2081945,3.4403338,3.256016,2.8598504,1.3459605,0.90226966,0.4079616
Matt Ryan,MIN,4.353158,0.96133614,2.368385,1.1958175,0.5378125,0.3955028,0.23609816,0.04906091
Tyrese Maxey,PHI,20.125446,2.6262786,6.3211894,3.6924007,3.8056889,2.1921742,0.8079298,0.15280741
DeAndre Jordan,BKN,6.585194,-0.008067542,-0.0031231556,7.1406016,1.6565297,1.0876031,0.5852941,0.97555745
Alex Len,SAC,2.70077,0.07486624,0.34040606,3.188782,0.64372206,0.5101265,0.39740208,0.60157925
Jae Crowder,DAL,6.2077646,0.8383847,2.5578392,2.7414756,1.662029,0.8926285,0.7313079,0.20992273
Zach Collins,POR,7.164439,0.6010375,1.7473983,4.247701,0.89572513,0.81020683,0.5915525,0.8360454
Caleb Martin,MIA,10.092992,1.2910134,3.5550683,4.4574122,1.8651512,1.1022519,0.819885,0.45508632
James Johnson,MIA,11.954424,1.2468956,3.6091352,4.7488484,3.0312188,1.7991989,0.9326887,0.99350053
Karl-Anthony Towns,MIN,23.148684,1.3682051,3.541125,11.233678,2.5607052,2.4045987,0.9059937,1.1622285
Damian Lillard,POR,25.147736,3.105027,8.108027,4.5442276,5.5284843,3.171322,1.2221318,0.33785954
Jaxson Hayes,NOP,6.7100596,0.14284134,0.40630448,4.372777,0.9006394,0.95447886,0.45496744,0.7980236
Dillon Brooks,MEM,10.741619,1.1387314,3.2003746,3.0760384,1.9596386,1.3529485,0.71196574,0.26774335
Kawhi Leonard,LAC,24.24089,1.9536241,5.1355114,5.3203635,5.6512437,2.4033017,1.5909292,0.4163428
Doug McDermott,SAS,10.579436,1.9545652,4.6977177,2.1637056,1.3092678,0.9715088,0.48528016,0.16667399
Aaron Nesmith,IND,10.788977,1.635276,4.3689675,3.449341,1.7640562,1.171475,0.7455581,0.4638913
Torrey Craig,DEN,6.009895,0.8215856,2.356094,4.2063155,0.68456995,0.64431626,0.4367028,0.54304874
Cody Martin,CHA,5.2569256,0.4619869,1.523972,3.3895826,1.6580341,0.80548877,0.6852954,0.22427234
Anthony Gill,WAS,3.3666873,0.15059847,0.64068615,2.0238514,0.5086067,0.5115827,0.27152926,0.16883084
Andre Drummond,DET,13.024575,0.0683933,0.684482,14.128195,2.2467136,2.1628518,1.869283,1.5703564
Mason Plumlee,BKN,8.223158,0.114475556,0.50332916,6.329173,1.542773,1.4232022,0.63631254,0.7517127
Isaiah Joe,OKC,9.950495,2.213027,5.2894096,2.5182476,1.4777573,0.8168116,0.5824223,0.138376
Obi Toppin,NYK,7.572299,1.333665,3.4870555,2.2467697,1.1737609,0.71528834,0.48371992,0.21525812
Reggie Jackson,DET,18.495531,1.5134368,4.3581285,3.562656,4.8915324,2.4832988,0.97195023,0.16321033
Alex Len,PHX,6.793784,0.096438475,0.27208602,6.719894,0.8899219,1.0783387,0.54100484,1.2819722
JT Thor,CLE,3.97186,0.32256746,0.7133757,1.4581718,0.37698123,0.5022662,0.19547068,0.30852252
Mike Conley,UTA,14.886079,1.985784,5.414194,3.4999075,3.5255995,1.903196,0.82356185,0.17740706
Mikal Bridges,PHX,8.582687,1.2623594,3.7533844,3.795364,2.6162527,1.4585608,1.0737878,0.52197856
Jamal Cain,MIA,4.055775,0.41817617,1.2018713,1.8968482,0.61388695,0.4912954,0.28325912,0.16391006
John Collins,ATL,17.79433,1.1276946,3.0326898,9.79975,1.7619562,1.9055494,0.6131501,0.5379102
Andrew Nembhard,IND,11.068892,0.7179754,2.4248075,3.2380722,4.900673,1.8686339,1.2365294,0.19066462
Bones Hyland,LAC,8.139128,1.5243276,3.9912994,2.2723927,1.3263271,0.8212492,0.52063984,0.20071268
Kawhi Leonard,SAS,8.241915,0.6312271,1.8734794,5.492543,1.6285341,1.007704,0.90565795,0.4010374
Rudy Gobert,UTA,11.363445,-0.07875078,0.041703828,12.797045,1.3685447,1.7333112,0.833112,2.4411223
Haywood Highsmith,MIA,6.5629864,1.1239275,3.030711,3.8590934,1.290818,0.71028507,0.6939407,0.46461847
Spencer Jones,DEN,1.6942934,0.15119457,0.55532324,0.9041126,0.24656294,0.256872,0.13322632,0.01766217
Malcolm Brogdon,POR,16.527243,2.0456102,5.239164,4.1680756,4.91421,2.040834,0.9104496,0.23414716
Justin Champagnie,BOS,3.3297658,0.27968913,0.9755231,1.7068627,0.6062491,0.46033168,0.26187775,0.036462486
Robert Williams III,BOS,7.6600885,-0.107298784,-0.20787035,11.349323,1.247594,1.1838466,0.71556914,1.9671568
Tyrese Maxey,PHI,25.31478,3.1171253,8.790583,4.9921603,7.490179,3.726864,1.1951925,0.38349068
Russell Westbrook,DEN,13.59725,1.2067136,3.738513,5.9428825,6.35512,2.7412586,1.1441857,0.50408036
Obi Toppin,IND,10.148322,1.2602496,3.2579737,4.123034,1.6335894,0.97616464,0.70461166,0.48126778
Cam Thomas,BKN,8.761828,0.8110599,2.4208927,1.9652681,1.8847528,1.164063,0.5036578,0.122718215
Jimmy Butler,CHI,8.534684,0.5131619,1.5390797,4.928468,1.4646643,1.0118501,0.653868,0.39828333
Tosan Evbuomwan,DET,6.656832,0.64034516,1.9198911,3.4760854,1.1554147,0.8156769,0.5079262,0.2762579
De'Aaron Fox,SAC,22.920443,1.7071239,4.9007635,4.3936934,6.340794,2.8539028,1.0028198,0.3012951
Dominick Barlow,SAS,4.745092,0.15595853,0.5020956,3.716045,0.97199976,0.7000238,0.48112473,0.36955488
Jordan Poole,GSW,20.143667,2.8146813,7.537533,3.6052673,3.3159761,2.209903,0.8233327,0.2761161
Terance Mann,LAC,10.229734,0.96323615,2.7761846,5.038259,2.2525647,1.1988814,0.786255,0.33111206
Vlatko Čančar,DEN,3.0351243,0.29870784,0.94299567,1.3878212,0.5617037,0.4019583,0.24127792,0.038899094
Cody Martin,CHA,8.380878,1.0516357,3.0711448,4.6643443,2.432645,1.2009268,0.9648519,0.6602396
Paul George,OKC,22.391293,3.026536,7.8969316,4.576895,4.205313,2.341662,1.6829141,0.48346516
Kevon Looney,GSW,6.413807,0.13766497,0.6303848,8.191478,2.7693791,1.3175466,1.0104848,0.5311481
Austin Reaves,LAL,18.718824,2.5703006,7.0108047,4.760468,5.6395445,2.6789615,1.0317942,0.24181071
Jordan Clarkson,LAL,11.584267,0.68687415,2.0840695,3.6130805,2.8319328,1.490527,0.82201374,0.24118415
Khris Middleton,MIL,14.075284,1.3916737,3.7096913,3.46036,4.0346484,1.7834707,1.1195773,0.21096253
Trey Lyles,SAC,7.2252746,1.3923473,3.8544421,3.9027991,1.4344788,0.76710904,0.7547217,0.46067673
Nicolas Batum,POR,9.5778265,1.4402173,4.1237226,4.5962696,4.2509904,1.5427591,1.4568301,0.6172708
Draymond Green,GSW,4.5326977,0.3007776,1.066243,3.2133856,1.0338974,0.6727285,0.60253763,0.29543597
Taj Gibson,CHI,7.2139964,0.13068372,0.4836794,6.2181163,0.9618486,1.079372,0.53703356,1.113142
Royce O'Neale,PHX,8.40134,1.9480461,5.2760096,4.2767334,2.4042096,0.98609257,0.89250994,0.55085975
Johnny Davis,WAS,6.1407776,0.64762074,2.1570024,2.1298666,1.1714027,0.83853483,0.46660426,0.25544456
Bogdan Bogdanović,SAC,15.315881,2.7262375,7.039806,3.4708176,3.4008663,1.7439595,0.93910253,0.2666322
Tim Hardaway Jr.,NYK,17.457367,2.376161,6.7045875,3.622543,3.2571158,2.0859554,0.8752692,0.24225107
Norman Powell,POR,18.373308,2.5428092,6.178631,3.6499958,2.5893562,1.7747455,0.7645891,0.3163537
Derrick White,BOS,14.967523,2.6036768,6.6071687,4.96001,3.818208,1.4454732,1.0267997,0.9853731
Nickeil Alexander-Walker,NOP,6.1545963,0.9935929,2.6093192,2.0705094,1.1622635,0.7048726,0.4775156,0.32714722
Jaylin Williams,OKC,4.674017,0.72558725,2.1158369,2.8913438,1.6647239,0.6417829,0.6826009,0.38256562
Chris Boucher,TOR,6.3445487,0.65130043,1.9068111,3.4394965,0.9690305,0.73979807,0.46853685,0.443392
Kevin Durant,BKN,26.016598,2.1390493,5.514008,7.5079465,4.2117333,2.8191514,0.96266353,1.1236181
Jalen Suggs,ORL,12.015109,1.1645297,4.0637746,3.4628572,4.673347,2.6427019,1.0712652,0.42881486
Damion Lee,ATL,10.698989,1.0372173,3.604606,3.4538147,3.533346,1.7336166,0.8559155,0.14698401
Jimmy Butler,MIA,20.659184,0.9768007,2.7157059,5.317048,5.0709677,1.8670911,1.1344651,0.30793762
Damion Lee,GSW,5.4516063,0.8005214,2.0305524,1.7694027,0.954334,0.615347,0.35909805,0.06535265
Antonio Reeves,NOP,4.4708457,0.5937796,1.6884446,1.7861125,0.57018733,0.49198252,0.24662034,0.04597804
Julius Randle,NYK,24.009577,2.1998687,5.929081,6.8295774,7.845833,3.5837772,1.260122,0.33063084
Thomas Bryant,IND,6.0401363,0.78163666,2.1208832,3.879963,0.8152337,0.6163042,0.5048655,0.5416186
Dario Šarić,OKC,6.5432467,0.7495556,2.0550985,3.2650306,1.1355011,0.749631,0.4779958,0.15930992
Santi Aldama,MEM,4.37413,0.36767238,1.3023964,3.0867987,0.56464934,0.54277754,0.32254484,0.24172533
Delon Wright,ATL,5.256343,0.5960473,1.6836928,3.1148448,3.0762908,0.80011415,0.92719024,0.26015663
Jusuf Nurkić,DEN,7.277453,0.09456486,0.40252054,6.0068064,1.3702737,1.2275739,0.7819706,1.047997
Sam Merrill,CLE,7.853785,1.7552849,4.637168,2.6383872,1.2414075,0.7105969,0.552305,0.22038853
Tari Eason,HOU,11.349158,1.0042354,2.9643035,6.234132,2.5550542,1.4957821,1.4421297,0.8471222
LaMelo Ball,CHA,24.376102,3.7731853,10.203234,5.9507146,7.9422727,4.0099263,1.42732,0.28067505
Doug McDermott,OKC,8.857984,1.2134238,3.0820196,2.0509074,1.212872,0.93704545,0.4508601,0.14205071
Jalen Suggs,ORL,12.685049,2.0367184,5.3754525,3.784664,2.4151418,1.3587748,1.202372,0.5821046
Tyus Jones,MIN,5.032264,0.4298697,1.2388504,2.085821,2.5445647,0.9534354,0.68609273,0.11784804
PJ Dozier,MIN,1.9078745,0.27295202,0.52269423,0.8338096,0.41327783,0.19708794,0.1629331,0.0010125954
Monté Morris,MIN,5.3522716,0.8099571,2.1644762,2.1974635,1.6526935,0.5914029,0.61799693,0.26545122
Kris Dunn,UTA,14.587307,0.76209027,2.1844852,4.5695367,6.065449,2.6345565,1.0916836,0.4829021
Georges Niang,CLE,8.908488,1.6909517,4.161157,3.1723928,1.4576007,0.85044605,0.5672041,0.16220063
Talen Horton-Tucker,LAL,6.2194104,0.649476,2.0460093,2.2195742,1.3168751,0.8755282,0.5061557,0.18917045
Jock Landale,HOU,3.8663635,0.19724244,0.59973323,3.0167303,0.67710626,0.49540532,0.40832278,0.27315018
Gary Trent Jr.,TOR,18.21235,3.0026073,7.5994825,3.7950616,3.214221,1.8572294,0.95071214,0.31778693
Harrison Barnes,GSW,9.835491,1.0326891,2.9535599,5.318122,1.7024307,1.1129023,0.68734324,0.28702393
Coby White,CHI,15.868516,2.3720987,6.3160806,3.5108895,4.358541,2.30785,0.90687686,0.21495661
Johnny Juzang,UTA,8.317647,1.6320225,4.0585055,2.5956297,1.2881441,0.8080659,0.50593936,0.22572803
Jalen Suggs,ORL,16.199118,2.3053622,6.6516995,4.252402,3.0452049,2.0476968,1.2002167,0.9083082
Walker Kessler,UTA,7.3846216,0.008858032,-0.04811012,8.654496,0.9239334,1.1479626,0.57398254,1.9263942
RJ Barrett,TOR,21.939848,1.739366,5.3885813,5.5393877,6.7208467,3.6472607,1.0203013,0.4043085
Christian Braun,DEN,13.511662,0.9310662,2.6786344,4.464943,2.6687553,1.4646022,0.9086199,0.56374
Kelly Olynyk,MIA,10.20523,1.4852843,4.054354,4.5423193,1.5314735,1.0568042,0.6833633,0.46174362
Josh Richardson,MIA,10.413774,1.5689293,4.2987795,2.9460707,2.0423157,1.1784756,0.69111097,0.28089774
Trae Young,ATL,29.74333,3.266517,8.768129,3.970584,9.732502,4.79088,1.3084029,0.016822489
Kobe Brown,LAC,3.8424997,0.3079139,1.102929,2.706728,0.8759481,0.5459399,0.4386251,0.12717277
Steven Adams,HOU,3.5841851,-0.002948576,0.13933839,5.2091603,0.63219666,0.5448676,0.40889394,0.35768962
Jeremiah Robinson-Earl,OKC,8.554136,1.161738,3.3464148,5.706129,1.4386125,0.9723204,0.67543626,0.3175566
Patrick Williams,CHI,9.277476,0.7597414,2.0127633,3.774614,1.4004245,1.0852654,0.56342983,0.41621396
Josh Okogie,PHX,4.8639073,0.531188,1.6011559,3.5738323,1.0704471,0.6136649,0.5796679,0.3911621
Myles Turner,IND,11.664286,1.3882006,3.8305151,6.787966,1.1946899,1.4206696,0.74230325,2.4406252
Darius Garland,CLE,22.277605,2.6211655,6.494996,3.9206722,7.910824,2.9952493,1.1069314,0.0719181
Marvin Bagley III,SAC,13.6226635,0.46494168,1.4567986,6.131472,1.8326346,1.8643368,0.6856606,0.7743334
Cody Martin,CHA,8.1985655,0.82302266,2.3303964,4.612061,2.484005,1.0212644,1.1120795,0.49997288
Jaxson Hayes,NOP,4.8856397,0.19304693,0.6726161,2.757173,0.93354523,0.7115097,0.41648015,0.35825112
Jaylen Brown,BOS,25.74922,2.6870222,7.2000737,5.4666085,4.0511355,2.629003,1.0563259,0.34510824
Paolo Banchero,ORL,19.626665,1.3299459,4.2241545,5.58025,5.100026,3.186431,0.8953105,0.44209683
Amir Coffey,LAC,3.7016234,0.2772826,0.8875891,1.49277,0.6933067,0.5238394,0.28714818,0.102501124
Spencer Dinwiddie,BKN,20.4437,2.0479252,6.051971,4.1617203,5.2668653,2.9980168,1.0074186,0.2786559
Jimmy Butler,MIA,22.82391,0.70575666,2.0354195,5.8484144,5.563947,1.8758318,1.4864117,0.3141954
Max Strus,CHI,3.4714608,0.16103947,0.8122982,1.8044808,-0.11766054,0.28944975,0.22741668,0.016375573
Doug McDermott,SAC,4.3079257,1.0372759,2.4485233,1.0185025,0.53081155,0.3667665,0.23160051,0.041026324
Caris LeVert,BKN,8.438227,1.0203288,2.9276059,2.7656586,2.6157365,1.205653,0.8046716,0.15897328
Georges Niang,UTA,4.5452657,0.72593665,1.805342,1.6410792,0.66951275,0.49139524,0.28455567,0.111596376
Kyle Lowry,TOR,18.25908,1.9200652,5.7432823,4.3045807,6.565043,2.9732761,1.5013039,0.24701121
Dalano Banton,TOR,4.711889,0.4681509,1.4559505,2.163811,0.88960934,0.6359935,0.40308204,0.3553465
Charles Bassey,SAS,3.3949223,0.05420465,0.30535924,4.115663,0.99960315,0.7424269,0.59090865,0.80301213
Jaren Jackson Jr.,MEM,13.479206,0.92685246,2.58375,4.7874517,1.4508882,1.4876426,0.7908267,1.271495
Olivier-Maxence Prosper,DAL,3.608821,0.27672547,0.9780394,2.2237442,0.72938967,0.48079813,0.33214536,0.112097144
D.J. Carton,TOR,3.3939471,0.20150453,0.6982986,1.7964046,0.45055673,0.46912724,0.21177195,0.014303686
Oso Ighodaro,PHX,4.032379,0.060381003,0.3237387,3.1752071,1.2649809,0.7452209,0.5462527,0.34542054
KJ Martin,HOU,8.349214,0.76093924,2.2225807,3.8269372,1.283238,0.9935351,0.554122,0.46256527
DeAndre Jordan,PHI,4.2562547,0.051540323,0.22788347,4.890191,0.9028802,0.7322271,0.4836551,0.5965176
Vince Williams Jr.,MEM,5.623002,0.7790622,2.6157527,3.800574,0.9537395,0.7548032,0.72544473,0.67882955
Kel'el Ware,MIA,8.016477,0.6584335,1.832434,4.542724,0.9352386,0.92649454,0.51344657,0.92614055
Pascal Siakam,TOR,5.0568404,0.13144344,0.44808686,3.640791,0.7256931,0.7372097,0.46002617,0.715777
Kelly Oubre Jr.,WAS,6.65498,0.7440342,2.3192704,3.6398985,1.1683795,0.81705815,0.57702273,0.24223027
Scotty Pippen Jr.,MEM,13.785523,1.3816483,3.9307432,4.425851,3.6572118,2.1470366,1.2587382,0.4615959
Joel Embiid,PHI,21.622292,1.070528,3.1772752,10.793639,2.7372675,2.7022254,0.9229588,1.6067526
Mason Plumlee,DEN,9.293338,0.08415622,0.4875177,7.989536,3.6247578,2.2374077,0.97319543,1.0331538
OG Anunoby,TOR,7.294119,1.0797186,3.0465157,3.6919308,1.0354475,0.756939,0.5616306,0.31666514
Drew Eubanks,POR,6.051972,0.1578427,0.41017878,5.2557697,1.4258875,1.0132022,0.6228287,1.0758644
Derrick White,SAS,10.960338,1.2058525,3.3914208,4.0858808,2.097005,1.2658596,0.9950629,0.8941255
Xavier Tillman,MEM,6.695605,0.45533705,1.3316085,4.6037345,1.3121724,0.8744084,0.6835796,0.55023617
Cason Wallace,OKC,8.393856,1.0416207,3.0181034,4.5851116,2.4433177,1.1046852,1.4678617,0.608016
Daishen Nix,HOU,4.7902412,0.7161674,2.294659,2.1065884,1.4949698,0.7082315,0.51816577,0.11687994
Moses Brown,CLE,4.3712187,0.049379893,0.23956598,3.324096,0.45964596,0.57145303,0.27069256,0.31997126
Cole Swider,DET,1.370376,0.44345623,1.7034283,1.000129,0.2587385,0.15369588,0.16941218,0.07323983
Jerami Grant,POR,15.349375,2.339653,6.479292,3.8798048,2.5782895,1.885634,0.9134145,0.92939585
Kevin Durant,PHX,25.92807,2.3343074,5.982686,6.025748,5.3079653,2.6554458,0.9770938,0.9776234
Jonas Valančiūnas,NOP,11.31177,0.51812834,1.482457,9.170129,1.8673621,1.5440719,0.6364998,0.68754077
Caleb Martin,PHI,10.004586,1.0299394,2.9603236,5.2877765,2.0181003,1.2741181,1.0120683,0.53691477
Giannis Antetokounmpo,MIL,26.180752,0.8051414,2.4839509,9.955627,4.597925,3.274569,1.4216005,1.3988907
Josh Okogie,MIN,5.9494424,0.57148296,1.7801745,3.8819475,1.1344726,0.8038908,0.58111423,0.4739509
Coby White,CHI,10.3796,1.7689112,4.4107122,2.7118192,2.8959723,1.1189557,0.7359425,0.15423256
Patty Mills,SAS,10.491776,1.9629639,4.95757,2.791845,2.2066145,1.066576,0.6653699,0.14857358
Klay Thompson,GSW,18.60943,3.4785228,8.513597,3.2580113,2.3523152,1.527894,0.690126,0.4118291
Richaun Holmes,WAS,5.4543605,0.10517699,0.30997932,4.869163,0.78703284,0.783865,0.41480303,0.45890036
Deni Avdija,POR,13.648647,1.4457917,4.31919,6.1035666,3.7129128,2.139497,0.9647011,0.59032744
Justin Minaya,POR,1.2970976,0.049883433,0.2596177,1.0277338,0.18368147,0.2280876,0.12697111,0.016948076
Draymond Green,GSW,8.993334,0.7928349,2.739275,5.5342274,7.5143647,3.1376877,1.3075473,0.8072982
Taurean Prince,BKN,12.96942,2.334461,6.357298,5.0287666,2.0524657,1.312821,0.75131685,0.36091068
Pascal Siakam,TOR,21.461885,1.1934144,3.5543287,8.0884,5.106381,2.9506161,1.1510466,0.60321593
Karl-Anthony Towns,MIN,22.754753,1.9478363,5.132381,10.823875,3.1874373,2.7285695,1.0266608,1.3108085
Alex Len,PHX,7.4901986,0.09334392,0.3564316,6.339181,1.2271113,1.3241949,0.5722306,1.1244284
Andre Drummond,DET,15.290652,0.18883288,0.96501076,13.864469,2.0912812,2.1802182,1.7100157,1.6314484
Tim Hardaway Jr.,NYK,12.663124,1.7784947,4.85347,2.397784,2.0543427,1.586082,0.6556022,0.22637197
Daniel Theis,BOS,8.645371,0.53711146,1.5419317,6.62266,1.4674973,1.2040986,0.69857997,1.1699998
Andre Drummond,DET,8.253975,0.07839996,0.31364954,7.9911695,1.5828116,1.4150985,0.7932165,1.4190725
Fred VanVleet,TOR,19.179382,3.0817652,8.58967,4.328522,7.186027,2.846193,1.677493,0.5596989
Chris Paul,LAC,18.520802,1.1961541,3.3345942,3.9257534,9.6609745,2.4200258,2.3263807,0.13549122
Monté Morris,WAS,9.607692,1.1975975,3.1663625,2.8640382,4.9911785,1.3298407,1.0008502,0.24818656
Cory Joseph,SAS,7.400522,0.28601974,0.86470306,2.9370315,1.8084803,0.90168077,0.733885,0.25372934
Jeremiah Robinson-Earl,OKC,7.3352203,0.8893114,2.5216117,4.8488045,1.0955058,0.79643613,0.5686423,0.30863515
D'Angelo Russell,MIN,18.22175,2.8614254,7.6205707,4.1622615,5.924629,2.4664516,1.0504811,0.30445367
